-- phpMyAdmin SQL Dump
-- version 5.2.1
-- https://www.phpmyadmin.net/
--
-- Host: 127.0.0.1
-- Generation Time: Aug 24, 2025 at 01:30 PM
-- Server version: 11.8.2-MariaDB
-- PHP Version: 8.2.12

SET SQL_MODE = "NO_AUTO_VALUE_ON_ZERO";
START TRANSACTION;
SET time_zone = "+00:00";


/*!40101 SET @OLD_CHARACTER_SET_CLIENT=@@CHARACTER_SET_CLIENT */;
/*!40101 SET @OLD_CHARACTER_SET_RESULTS=@@CHARACTER_SET_RESULTS */;
/*!40101 SET @OLD_COLLATION_CONNECTION=@@COLLATION_CONNECTION */;
/*!40101 SET NAMES utf8mb4 */;

--
-- Database: `gym_ms_db`
--

-- --------------------------------------------------------

--
-- Table structure for table `users_auth`
--

CREATE TABLE `users_auth` (
  `auth_id` int(11) UNSIGNED NOT NULL,
  `auth_username` varchar(255) NOT NULL,
  `auth_password` varchar(255) NOT NULL,
  `auth_role` int(11) NOT NULL
) ENGINE=InnoDB DEFAULT CHARSET=utf8mb4 COLLATE=utf8mb4_general_ci;

--
-- Dumping data for table `users_auth`
--

INSERT INTO `users_auth` (`auth_id`, `auth_username`, `auth_password`, `auth_role`) VALUES
(1, 'admin', '$2y$10$mMLSptmWmjnp2aCJvOwAXuExFL6jmRyCrP1DreCTY2Vmx/nVNNi0K', 1),
(2, 'admin2', '$2y$10$KoXLBU.Dzd/XbwIQN6R79.Bsn/bHUUS3QaBn42rS.chQ.rM9tQc4C', 1),
(3, 'admin3', '$2y$10$mMLSptmWmjnp2aCJvOwAXuExFL6jmRyCrP1DreCTY2Vmx/nVNNi0K', 1);

-- --------------------------------------------------------

--
-- Table structure for table `users_log`
--

CREATE TABLE `users_log` (
  `log_id` int(11) UNSIGNED NOT NULL,
  `user_id` int(11) UNSIGNED NOT NULL,
  `log_time_in` datetime NOT NULL,
  `log_time_out` datetime DEFAULT NULL
) ENGINE=InnoDB DEFAULT CHARSET=utf8mb4 COLLATE=utf8mb4_general_ci;

--
-- Dumping data for table `users_log`
--

INSERT INTO `users_log` (`log_id`, `user_id`, `log_time_in`, `log_time_out`) VALUES
(329, 128, '2025-08-20 08:15:00', '2025-08-20 10:05:00'),
(330, 129, '2025-08-20 09:00:00', '2025-08-20 11:30:00'),
(331, 130, '2025-08-21 07:45:00', '2025-08-21 09:10:00'),
(332, 131, '2025-08-21 08:20:00', '2025-08-21 10:00:00'),
(333, 132, '2025-08-22 10:05:00', '2025-08-22 11:55:00'),
(334, 133, '2025-08-22 08:45:00', '2025-08-22 09:50:00'),
(335, 134, '2025-08-23 09:15:00', '2025-08-23 11:45:00'),
(336, 135, '2025-08-23 07:50:00', '2025-08-23 09:40:00'),
(337, 136, '2025-08-23 08:10:00', '2025-08-23 09:55:00'),
(338, 137, '2025-08-23 10:30:00', '2025-08-23 12:00:00'),
(339, 138, '2025-08-23 08:25:00', '2025-08-23 10:10:00'),
(340, 139, '2025-08-23 09:00:00', '2025-08-23 10:45:00'),
(341, 140, '2025-08-23 07:40:00', '2025-08-23 09:25:00'),
(342, 141, '2025-08-23 08:55:00', '2025-08-23 10:15:00'),
(343, 143, '2025-08-23 09:20:00', '2025-08-23 10:50:00'),
(344, 144, '2025-08-23 07:35:00', '2025-08-23 09:00:00'),
(345, 145, '2025-08-23 08:05:00', '2025-08-23 09:40:00'),
(346, 146, '2025-08-23 09:45:00', '2025-08-23 11:30:00'),
(347, 147, '2025-08-23 08:50:00', '2025-08-23 10:10:00'),
(348, 148, '2025-08-23 07:55:00', '2025-08-23 09:35:00'),
(349, 149, '2025-08-23 09:10:00', '2025-08-23 10:30:00'),
(350, 145, '2025-08-02 10:23:00', '2025-08-02 11:56:00'),
(351, 146, '2025-08-02 10:11:00', '2025-08-02 11:48:00'),
(352, 149, '2025-08-02 07:38:00', '2025-08-02 09:09:00'),
(364, 129, '2025-08-04 07:06:00', '2025-08-04 08:15:00'),
(365, 132, '2025-08-04 08:55:00', '2025-08-04 10:01:00'),
(366, 133, '2025-08-04 09:43:00', '2025-08-04 11:14:00'),
(367, 135, '2025-08-04 08:12:00', '2025-08-04 10:24:00'),
(368, 136, '2025-08-04 08:31:00', '2025-08-04 09:39:00'),
(369, 139, '2025-08-04 06:44:00', '2025-08-04 08:28:00'),
(370, 141, '2025-08-04 10:14:00', '2025-08-04 12:44:00'),
(372, 144, '2025-08-04 07:18:00', '2025-08-04 08:32:00'),
(373, 146, '2025-08-04 07:04:00', '2025-08-04 09:08:00'),
(375, 128, '2025-08-05 07:45:00', '2025-08-05 10:05:00'),
(376, 129, '2025-08-05 09:47:00', '2025-08-05 11:05:00'),
(377, 130, '2025-08-05 07:14:00', '2025-08-05 08:44:00'),
(378, 132, '2025-08-05 09:01:00', '2025-08-05 11:14:00'),
(379, 134, '2025-08-05 07:11:00', '2025-08-05 08:33:00'),
(380, 135, '2025-08-05 08:53:00', '2025-08-05 10:59:00'),
(381, 137, '2025-08-05 09:39:00', '2025-08-05 11:58:00'),
(382, 138, '2025-08-05 07:15:00', '2025-08-05 09:16:00'),
(383, 140, '2025-08-05 07:53:00', '2025-08-05 09:56:00'),
(385, 143, '2025-08-05 08:40:00', '2025-08-05 10:27:00'),
(387, 145, '2025-08-05 09:28:00', '2025-08-05 10:32:00'),
(388, 147, '2025-08-05 07:48:00', '2025-08-05 09:24:00'),
(389, 148, '2025-08-05 10:11:00', '2025-08-05 11:30:00'),
(398, 146, '2025-08-06 07:48:00', '2025-08-06 09:22:00'),
(399, 148, '2025-08-06 06:23:00', '2025-08-06 08:34:00'),
(400, 128, '2025-08-07 08:56:00', '2025-08-07 10:49:00'),
(401, 129, '2025-08-07 08:46:00', '2025-08-07 11:13:00'),
(402, 131, '2025-08-07 10:24:00', '2025-08-07 11:28:00'),
(403, 132, '2025-08-07 10:17:00', '2025-08-07 12:27:00'),
(404, 133, '2025-08-07 06:12:00', '2025-08-07 08:40:00'),
(405, 134, '2025-08-07 07:54:00', '2025-08-07 09:08:00'),
(406, 136, '2025-08-07 07:16:00', '2025-08-07 08:29:00'),
(407, 137, '2025-08-07 07:13:00', '2025-08-07 09:41:00'),
(408, 138, '2025-08-07 07:10:00', '2025-08-07 09:01:00'),
(409, 143, '2025-08-07 09:10:00', '2025-08-07 10:36:00'),
(410, 144, '2025-08-07 09:20:00', '2025-08-07 11:39:00'),
(411, 145, '2025-08-07 08:28:00', '2025-08-07 09:41:00'),
(412, 146, '2025-08-07 08:50:00', '2025-08-07 11:07:00'),
(413, 147, '2025-08-07 07:42:00', '2025-08-07 09:03:00'),
(414, 131, '2025-08-08 08:51:00', '2025-08-08 09:52:00'),
(415, 134, '2025-08-08 09:24:00', '2025-08-08 11:12:00'),
(416, 135, '2025-08-08 06:14:00', '2025-08-08 08:36:00'),
(417, 136, '2025-08-08 07:33:00', '2025-08-08 09:24:00'),
(426, 129, '2025-08-09 07:06:00', '2025-08-09 08:56:00'),
(427, 130, '2025-08-09 10:18:00', '2025-08-09 11:57:00'),
(428, 131, '2025-08-09 08:59:00', '2025-08-09 10:28:00'),
(429, 133, '2025-08-09 09:11:00', '2025-08-09 10:40:00'),
(430, 135, '2025-08-09 06:07:00', '2025-08-09 07:33:00'),
(431, 136, '2025-08-09 10:44:00', '2025-08-09 12:59:00'),
(432, 137, '2025-08-09 10:21:00', '2025-08-09 12:41:00'),
(433, 138, '2025-08-09 08:15:00', '2025-08-09 10:13:00'),
(434, 139, '2025-08-09 06:34:00', '2025-08-09 08:29:00'),
(435, 140, '2025-08-09 10:52:00', '2025-08-09 11:52:00'),
(436, 141, '2025-08-09 08:25:00', '2025-08-09 10:49:00'),
(437, 144, '2025-08-09 07:41:00', '2025-08-09 09:21:00'),
(438, 145, '2025-08-09 09:15:00', '2025-08-09 11:19:00'),
(439, 148, '2025-08-09 10:48:00', '2025-08-09 12:17:00'),
(447, 146, '2025-08-10 06:03:00', '2025-08-10 07:39:00'),
(448, 147, '2025-08-10 09:31:00', '2025-08-10 11:27:00'),
(449, 148, '2025-08-10 06:50:00', '2025-08-10 09:07:00'),
(450, 128, '2025-08-11 10:47:00', '2025-08-11 11:55:00'),
(451, 131, '2025-08-11 07:06:00', '2025-08-11 09:21:00'),
(452, 133, '2025-08-11 10:35:00', '2025-08-11 11:47:00'),
(453, 134, '2025-08-11 06:14:00', '2025-08-11 07:55:00'),
(454, 135, '2025-08-11 10:44:00', '2025-08-11 13:12:00'),
(455, 136, '2025-08-11 08:28:00', '2025-08-11 10:22:00'),
(456, 137, '2025-08-11 07:47:00', '2025-08-11 09:30:00'),
(457, 139, '2025-08-11 10:01:00', '2025-08-11 11:46:00'),
(458, 140, '2025-08-11 06:59:00', '2025-08-11 08:25:00'),
(459, 143, '2025-08-11 10:18:00', '2025-08-11 12:31:00'),
(460, 148, '2025-08-11 08:25:00', '2025-08-11 09:37:00'),
(461, 128, '2025-08-12 08:00:00', '2025-08-12 09:03:00'),
(462, 130, '2025-08-12 07:20:00', '2025-08-12 09:25:00'),
(463, 132, '2025-08-12 08:26:00', '2025-08-12 10:23:00'),
(464, 133, '2025-08-12 10:03:00', '2025-08-12 11:04:00'),
(465, 134, '2025-08-12 10:52:00', '2025-08-12 12:00:00'),
(466, 135, '2025-08-12 07:25:00', '2025-08-12 09:54:00'),
(467, 136, '2025-08-12 08:56:00', '2025-08-12 10:28:00'),
(468, 137, '2025-08-12 08:28:00', '2025-08-12 10:07:00'),
(469, 138, '2025-08-12 10:55:00', '2025-08-12 13:22:00'),
(470, 143, '2025-08-12 08:11:00', '2025-08-12 09:32:00'),
(471, 146, '2025-08-12 08:57:00', '2025-08-12 11:14:00'),
(472, 147, '2025-08-12 10:18:00', '2025-08-12 11:42:00'),
(473, 149, '2025-08-12 10:42:00', '2025-08-12 12:02:00'),
(474, 129, '2025-08-13 10:36:00', '2025-08-13 12:32:00'),
(475, 130, '2025-08-13 08:09:00', '2025-08-13 09:11:00'),
(476, 131, '2025-08-13 06:08:00', '2025-08-13 08:23:00'),
(477, 132, '2025-08-13 09:56:00', '2025-08-13 11:48:00'),
(478, 134, '2025-08-13 10:08:00', '2025-08-13 11:17:00'),
(479, 137, '2025-08-13 08:57:00', '2025-08-13 11:15:00'),
(480, 138, '2025-08-13 10:56:00', '2025-08-13 13:13:00'),
(481, 139, '2025-08-13 06:08:00', '2025-08-13 08:19:00'),
(482, 145, '2025-08-13 10:07:00', '2025-08-13 11:57:00'),
(483, 147, '2025-08-13 10:29:00', '2025-08-13 12:35:00'),
(484, 149, '2025-08-13 06:19:00', '2025-08-13 07:32:00'),
(485, 128, '2025-08-14 06:15:00', '2025-08-14 08:21:00'),
(486, 129, '2025-08-14 10:11:00', '2025-08-14 11:19:00'),
(487, 130, '2025-08-14 09:31:00', '2025-08-14 11:46:00'),
(488, 131, '2025-08-14 06:21:00', '2025-08-14 08:50:00'),
(489, 132, '2025-08-14 07:26:00', '2025-08-14 09:35:00'),
(490, 133, '2025-08-14 06:59:00', '2025-08-14 08:16:00'),
(491, 134, '2025-08-14 10:36:00', '2025-08-14 12:06:00'),
(492, 135, '2025-08-14 10:01:00', '2025-08-14 11:46:00'),
(493, 136, '2025-08-14 10:32:00', '2025-08-14 11:32:00'),
(494, 140, '2025-08-14 08:04:00', '2025-08-14 09:10:00'),
(495, 141, '2025-08-14 07:32:00', '2025-08-14 10:01:00'),
(496, 144, '2025-08-14 06:05:00', '2025-08-14 07:54:00'),
(497, 145, '2025-08-14 09:41:00', '2025-08-14 11:07:00'),
(498, 148, '2025-08-14 08:55:00', '2025-08-14 11:03:00'),
(499, 149, '2025-08-14 10:24:00', '2025-08-14 11:48:00'),
(500, 131, '2025-08-15 08:35:00', '2025-08-15 10:34:00'),
(501, 132, '2025-08-15 08:35:00', '2025-08-15 10:28:00'),
(502, 133, '2025-08-15 06:31:00', '2025-08-15 08:05:00'),
(503, 136, '2025-08-15 07:43:00', '2025-08-15 09:37:00'),
(504, 139, '2025-08-15 08:39:00', '2025-08-15 11:08:00'),
(505, 140, '2025-08-15 09:57:00', '2025-08-15 11:54:00'),
(506, 141, '2025-08-15 09:42:00', '2025-08-15 11:04:00'),
(507, 145, '2025-08-15 09:20:00', '2025-08-15 11:50:00'),
(508, 146, '2025-08-15 09:08:00', '2025-08-15 10:32:00'),
(509, 147, '2025-08-15 08:14:00', '2025-08-15 09:35:00'),
(510, 148, '2025-08-15 09:11:00', '2025-08-15 10:48:00'),
(511, 149, '2025-08-15 08:40:00', '2025-08-15 10:20:00'),
(512, 128, '2025-08-16 09:36:00', '2025-08-16 11:51:00'),
(513, 130, '2025-08-16 10:19:00', '2025-08-16 11:35:00'),
(514, 132, '2025-08-16 06:40:00', '2025-08-16 07:48:00'),
(515, 134, '2025-08-16 10:22:00', '2025-08-16 12:09:00'),
(516, 135, '2025-08-16 06:54:00', '2025-08-16 09:10:00'),
(517, 137, '2025-08-16 07:27:00', '2025-08-16 09:01:00'),
(518, 144, '2025-08-16 06:34:00', '2025-08-16 08:10:00'),
(519, 147, '2025-08-16 06:25:00', '2025-08-16 07:48:00'),
(520, 128, '2025-08-17 06:28:00', '2025-08-17 08:25:00'),
(521, 129, '2025-08-17 08:00:00', '2025-08-17 09:37:00'),
(522, 132, '2025-08-17 06:52:00', '2025-08-17 08:55:00'),
(523, 134, '2025-08-17 10:10:00', '2025-08-17 11:50:00'),
(524, 135, '2025-08-17 10:00:00', '2025-08-17 12:18:00'),
(525, 136, '2025-08-17 07:00:00', '2025-08-17 09:06:00'),
(526, 138, '2025-08-17 09:20:00', '2025-08-17 10:29:00'),
(527, 139, '2025-08-17 10:44:00', '2025-08-17 12:51:00'),
(528, 141, '2025-08-17 07:13:00', '2025-08-17 09:02:00'),
(529, 143, '2025-08-17 07:03:00', '2025-08-17 08:11:00'),
(530, 144, '2025-08-17 07:52:00', '2025-08-17 09:57:00'),
(531, 145, '2025-08-17 09:08:00', '2025-08-17 10:10:00'),
(532, 146, '2025-08-17 06:28:00', '2025-08-17 08:00:00'),
(533, 147, '2025-08-17 08:03:00', '2025-08-17 09:14:00'),
(534, 148, '2025-08-17 09:00:00', '2025-08-17 10:52:00'),
(535, 128, '2025-08-18 09:12:00', '2025-08-18 11:00:00'),
(536, 129, '2025-08-18 10:19:00', '2025-08-18 12:11:00'),
(537, 130, '2025-08-18 08:43:00', '2025-08-18 09:53:00'),
(538, 131, '2025-08-18 07:55:00', '2025-08-18 10:14:00'),
(539, 133, '2025-08-18 10:35:00', '2025-08-18 12:04:00'),
(540, 135, '2025-08-18 08:49:00', '2025-08-18 10:02:00'),
(541, 136, '2025-08-18 09:31:00', '2025-08-18 10:47:00'),
(542, 139, '2025-08-18 06:25:00', '2025-08-18 07:58:00'),
(543, 141, '2025-08-18 06:27:00', '2025-08-18 07:41:00'),
(544, 144, '2025-08-18 10:47:00', '2025-08-18 11:57:00'),
(545, 148, '2025-08-18 06:55:00', '2025-08-18 09:08:00'),
(546, 129, '2025-08-19 09:54:00', '2025-08-19 11:04:00'),
(547, 132, '2025-08-19 08:44:00', '2025-08-19 10:33:00'),
(548, 133, '2025-08-19 10:39:00', '2025-08-19 13:04:00'),
(549, 134, '2025-08-19 06:20:00', '2025-08-19 07:33:00'),
(550, 135, '2025-08-19 10:57:00', '2025-08-19 13:04:00'),
(551, 136, '2025-08-19 08:06:00', '2025-08-19 10:06:00'),
(552, 138, '2025-08-19 07:10:00', '2025-08-19 08:31:00'),
(553, 139, '2025-08-19 10:56:00', '2025-08-19 12:11:00'),
(554, 140, '2025-08-19 06:27:00', '2025-08-19 08:01:00'),
(555, 143, '2025-08-19 07:28:00', '2025-08-19 09:06:00'),
(556, 144, '2025-08-19 07:53:00', '2025-08-19 09:45:00'),
(557, 145, '2025-08-19 08:19:00', '2025-08-19 10:39:00'),
(558, 148, '2025-08-19 09:58:00', '2025-08-19 11:20:00'),
(559, 149, '2025-08-19 09:18:00', '2025-08-19 10:39:00'),
(560, 129, '2025-08-20 10:10:00', '2025-08-20 12:11:00'),
(561, 130, '2025-08-20 08:16:00', '2025-08-20 09:50:00'),
(562, 131, '2025-08-20 10:14:00', '2025-08-20 12:32:00'),
(563, 132, '2025-08-20 06:10:00', '2025-08-20 07:16:00'),
(564, 133, '2025-08-20 09:46:00', '2025-08-20 11:04:00'),
(565, 134, '2025-08-20 09:20:00', '2025-08-20 11:50:00'),
(566, 136, '2025-08-20 08:23:00', '2025-08-20 10:19:00'),
(567, 137, '2025-08-20 10:56:00', '2025-08-20 12:12:00'),
(568, 139, '2025-08-20 08:22:00', '2025-08-20 09:57:00'),
(569, 140, '2025-08-20 09:32:00', '2025-08-20 11:47:00'),
(570, 141, '2025-08-20 09:46:00', '2025-08-20 11:49:00'),
(571, 143, '2025-08-20 06:39:00', '2025-08-20 09:00:00'),
(572, 144, '2025-08-20 07:34:00', '2025-08-20 09:11:00'),
(573, 145, '2025-08-20 10:47:00', '2025-08-20 12:43:00'),
(574, 146, '2025-08-20 07:30:00', '2025-08-20 09:48:00'),
(575, 148, '2025-08-20 10:03:00', '2025-08-20 12:09:00'),
(576, 149, '2025-08-20 06:03:00', '2025-08-20 08:30:00'),
(577, 129, '2025-08-21 09:20:00', '2025-08-21 10:59:00'),
(578, 130, '2025-08-21 10:02:00', '2025-08-21 11:51:00'),
(579, 131, '2025-08-21 06:18:00', '2025-08-21 07:41:00'),
(580, 134, '2025-08-21 06:48:00', '2025-08-21 08:04:00'),
(581, 135, '2025-08-21 06:16:00', '2025-08-21 07:44:00'),
(582, 136, '2025-08-21 08:53:00', '2025-08-21 10:25:00'),
(583, 137, '2025-08-21 06:23:00', '2025-08-21 08:02:00'),
(584, 138, '2025-08-21 08:44:00', '2025-08-21 10:53:00'),
(585, 139, '2025-08-21 10:55:00', '2025-08-21 12:21:00'),
(586, 141, '2025-08-21 06:25:00', '2025-08-21 07:36:00'),
(587, 144, '2025-08-21 09:37:00', '2025-08-21 10:56:00'),
(588, 145, '2025-08-21 10:19:00', '2025-08-21 12:03:00'),
(589, 146, '2025-08-21 10:58:00', '2025-08-21 13:04:00'),
(590, 149, '2025-08-21 06:17:00', '2025-08-21 07:32:00'),
(591, 130, '2025-08-22 07:46:00', '2025-08-22 09:37:00'),
(592, 131, '2025-08-22 09:38:00', '2025-08-22 11:58:00'),
(593, 133, '2025-08-22 06:15:00', '2025-08-22 08:36:00'),
(594, 134, '2025-08-22 09:51:00', '2025-08-22 12:19:00'),
(595, 139, '2025-08-22 09:40:00', '2025-08-22 10:53:00'),
(596, 140, '2025-08-22 09:20:00', '2025-08-22 11:49:00'),
(597, 143, '2025-08-22 09:15:00', '2025-08-22 10:45:00'),
(598, 145, '2025-08-22 07:31:00', '2025-08-22 09:39:00'),
(599, 146, '2025-08-22 06:46:00', '2025-08-22 07:54:00'),
(600, 147, '2025-08-22 08:01:00', '2025-08-22 10:16:00'),
(601, 149, '2025-08-22 06:40:00', '2025-08-22 08:09:00'),
(602, 129, '2025-08-23 07:01:00', '2025-08-23 09:26:00'),
(603, 130, '2025-08-23 08:29:00', '2025-08-23 10:50:00'),
(604, 131, '2025-08-23 07:00:00', '2025-08-23 08:16:00'),
(605, 132, '2025-08-23 07:28:00', '2025-08-23 08:56:00'),
(606, 134, '2025-08-23 07:27:00', '2025-08-23 09:54:00'),
(607, 137, '2025-08-23 08:12:00', '2025-08-23 10:22:00'),
(608, 141, '2025-08-23 08:23:00', '2025-08-23 10:01:00'),
(609, 143, '2025-08-23 06:07:00', '2025-08-23 08:37:00'),
(610, 144, '2025-08-23 09:10:00', '2025-08-23 10:33:00'),
(611, 145, '2025-08-23 10:18:00', '2025-08-23 11:35:00'),
(612, 146, '2025-08-23 10:19:00', '2025-08-23 11:20:00'),
(613, 147, '2025-08-23 07:47:00', '2025-08-23 09:16:00'),
(614, 149, '2025-08-23 08:24:00', '2025-08-23 10:14:00'),
(615, 128, '2025-08-24 08:36:00', '2025-08-24 10:18:00'),
(616, 130, '2025-08-24 09:39:00', '2025-08-24 11:53:00'),
(617, 133, '2025-08-24 07:10:00', '2025-08-24 08:44:00'),
(618, 135, '2025-08-24 08:40:00', '2025-08-24 10:51:00'),
(619, 137, '2025-08-24 07:30:00', '2025-08-24 08:44:00'),
(620, 138, '2025-08-24 06:59:00', '2025-08-24 09:29:00'),
(621, 139, '2025-08-24 06:55:00', '2025-08-24 08:57:00'),
(622, 140, '2025-08-24 06:40:00', '2025-08-24 08:03:00'),
(623, 141, '2025-08-24 06:35:00', '2025-08-24 08:45:00'),
(624, 143, '2025-08-24 06:08:00', '2025-08-24 07:34:00'),
(625, 145, '2025-08-24 06:04:00', '2025-08-24 07:17:00'),
(626, 146, '2025-08-24 06:31:00', '2025-08-24 07:46:00'),
(627, 147, '2025-08-24 06:32:00', '2025-08-24 07:44:00'),
(628, 149, '2025-08-24 09:32:00', '2025-08-24 10:38:00'),
(629, 128, '2025-08-01 08:12:00', '2025-08-01 09:45:00'),
(630, 129, '2025-08-01 07:35:00', '2025-08-01 09:10:00'),
(631, 130, '2025-08-01 09:05:00', '2025-08-01 10:50:00'),
(632, 131, '2025-08-01 08:20:00', '2025-08-01 09:55:00'),
(633, 133, '2025-08-01 07:55:00', '2025-08-01 09:40:00'),
(634, 136, '2025-08-01 08:40:00', '2025-08-01 10:20:00'),
(635, 139, '2025-08-01 09:15:00', '2025-08-01 10:50:00'),
(636, 141, '2025-08-01 07:50:00', '2025-08-01 09:25:00'),
(637, 143, '2025-08-01 08:05:00', '2025-08-01 09:35:00'),
(638, 128, '2025-08-02 07:45:00', '2025-08-02 09:20:00'),
(639, 132, '2025-08-02 09:10:00', '2025-08-02 10:40:00'),
(640, 134, '2025-08-02 08:30:00', '2025-08-02 10:00:00'),
(641, 137, '2025-08-02 08:05:00', '2025-08-02 09:50:00'),
(642, 140, '2025-08-02 09:00:00', '2025-08-02 10:45:00'),
(643, 145, '2025-08-02 07:40:00', '2025-08-02 09:10:00'),
(644, 147, '2025-08-02 08:15:00', '2025-08-02 09:55:00'),
(645, 128, '2025-08-02 07:45:00', '2025-08-02 09:20:00'),
(646, 132, '2025-08-02 09:10:00', '2025-08-02 10:40:00'),
(647, 134, '2025-08-02 08:30:00', '2025-08-02 10:00:00'),
(648, 128, '2025-08-03 08:10:00', '2025-08-03 09:45:00'),
(649, 131, '2025-08-03 07:55:00', '2025-08-03 09:30:00'),
(650, 136, '2025-08-03 09:20:00', '2025-08-03 10:50:00'),
(651, 141, '2025-08-03 08:30:00', '2025-08-03 10:00:00'),
(652, 128, '2025-08-14 07:55:00', '2025-08-14 09:35:00'),
(653, 130, '2025-08-14 08:20:00', '2025-08-14 10:00:00'),
(654, 133, '2025-08-14 07:45:00', '2025-08-14 09:10:00'),
(655, 136, '2025-08-14 09:05:00', '2025-08-14 10:50:00'),
(656, 141, '2025-08-14 08:15:00', '2025-08-14 09:55:00'),
(657, 145, '2025-08-14 08:40:00', '2025-08-14 10:25:00'),
(658, 129, '2025-08-09 08:05:00', '2025-08-09 09:45:00'),
(659, 131, '2025-08-09 07:50:00', '2025-08-09 09:30:00'),
(660, 134, '2025-08-09 09:10:00', '2025-08-09 10:55:00'),
(661, 137, '2025-08-09 08:20:00', '2025-08-09 10:00:00'),
(662, 140, '2025-08-09 07:40:00', '2025-08-09 09:15:00'),
(663, 143, '2025-08-09 09:00:00', '2025-08-09 10:35:00');

-- --------------------------------------------------------

--
-- Table structure for table `users_membership`
--

CREATE TABLE `users_membership` (
  `mem_id` int(11) UNSIGNED NOT NULL,
  `user_id` int(11) UNSIGNED NOT NULL,
  `mem_type` varchar(255) NOT NULL,
  `mem_start_date` date NOT NULL,
  `mem_end_date` date NOT NULL,
  `reminder_sent` tinyint(1) DEFAULT 0
) ENGINE=InnoDB DEFAULT CHARSET=utf8mb4 COLLATE=utf8mb4_general_ci;

--
-- Dumping data for table `users_membership`
--

INSERT INTO `users_membership` (`mem_id`, `user_id`, `mem_type`, `mem_start_date`, `mem_end_date`, `reminder_sent`) VALUES
(69, 128, 'Monthly', '2025-08-24', '2025-09-24', 0),
(70, 129, 'Monthly', '2025-08-24', '2025-09-24', 0),
(71, 130, 'Monthly', '2025-08-24', '2025-09-24', 0),
(72, 131, 'Monthly', '2025-08-24', '2025-09-24', 0),
(73, 132, 'Monthly', '2025-08-24', '2025-09-24', 0),
(74, 133, 'Walk-in', '0000-00-00', '0000-00-00', 0),
(75, 134, 'Monthly', '2025-08-24', '2025-09-24', 0),
(76, 135, 'Walk-in', '0000-00-00', '0000-00-00', 0),
(77, 136, 'Monthly', '2025-08-24', '2025-09-24', 0),
(78, 137, 'Walk-in', '0000-00-00', '0000-00-00', 0),
(79, 138, 'Monthly', '2025-08-24', '2025-09-24', 0),
(80, 139, 'Walk-in', '0000-00-00', '0000-00-00', 0),
(81, 140, 'Walk-in', '0000-00-00', '0000-00-00', 0),
(82, 141, 'Walk-in', '0000-00-00', '0000-00-00', 0),
(84, 143, 'Walk-in', '0000-00-00', '0000-00-00', 0),
(85, 144, 'Monthly', '2025-08-24', '2025-09-24', 0),
(86, 145, 'Walk-in', '0000-00-00', '0000-00-00', 0),
(87, 146, 'Walk-in', '0000-00-00', '0000-00-00', 0),
(88, 147, 'Walk-in', '0000-00-00', '0000-00-00', 0),
(89, 148, 'Walk-in', '0000-00-00', '0000-00-00', 0),
(90, 149, 'Walk-in', '0000-00-00', '0000-00-00', 0);

-- --------------------------------------------------------

--
-- Table structure for table `users_user`
--

CREATE TABLE `users_user` (
  `user_id` int(11) UNSIGNED NOT NULL,
  `user_fname` varchar(255) DEFAULT NULL,
  `user_mname` varchar(255) DEFAULT NULL,
  `user_lname` varchar(255) DEFAULT NULL,
  `user_suffix` varchar(11) NOT NULL,
  `user_email` varchar(255) NOT NULL,
  `user_height` int(50) NOT NULL,
  `user_weight` int(50) NOT NULL,
  `user_birthday` varchar(255) NOT NULL,
  `user_gender` varchar(11) NOT NULL,
  `user_address` varchar(255) NOT NULL,
  `user_contact` varchar(255) NOT NULL,
  `user_status` varchar(100) NOT NULL,
  `user_image` varchar(500) NOT NULL,
  `user_qrcode` varchar(500) NOT NULL
) ENGINE=InnoDB DEFAULT CHARSET=utf8mb4 COLLATE=utf8mb4_general_ci;

--
-- Dumping data for table `users_user`
--

INSERT INTO `users_user` (`user_id`, `user_fname`, `user_mname`, `user_lname`, `user_suffix`, `user_email`, `user_height`, `user_weight`, `user_birthday`, `user_gender`, `user_address`, `user_contact`, `user_status`, `user_image`, `user_qrcode`) VALUES
(128, 'Maria', 'L.', 'Santos', '', 'maria.santos95@gmail.com', 160, 55, '2010-02-24', 'M', 'Quezon City', '+639876543210', 'active', 'default.png', '128-RZEAyL4hGJ58tzjv3sa7PplbXu6CN0dfHSOkcrqKFnVw9W2Mom.png'),
(129, 'Pedro', 'G.', 'Ramos', '', 'pedro.ramos88@gmail.com', 175, 159, '2009-06-30', 'M', 'Laguna', '+639221113334', 'inactive', 'default.png', '129-iluer6LCJIOADyzjfq24Bnb9amp1w7EH5YGNXMkTPVRoWh3S8v.png'),
(130, 'Angela', 'M..', 'Cruz', '', 'angela.mcruz@gmail.com', 158, 115, '2005-01-01', 'M', 'Makati City', '+639778889999', 'active', 'default.png', '130-x26tJUhbBDgnZeOvFuSklrXViLYqco5dRW4TP9jzQE7wspmKIy.png'),
(131, 'Roberto', 'J.', 'Villanueva', '', 'roberto.villanueva85@hotmail.com', 180, 176, '2008-05-05', 'M', 'Quezon', '09181234567', 'active', 'default.png', '131-FHOI4mUVWNblxMJ8sCuGgYpkD7a1ABfKrRoTLzewcEZ92X3Q6t.png'),
(132, 'Dan', 'M.', 'Verdida', '', 'dan@gmail.com', 145, 99, '2004-06-08', 'F', 'Quezon', '+639122334455', 'inactive', '132-GI9w1y.jpg', '132-q4X13TzoGRMtVByFJIEmsd6h8bj0NnLK7SUfWvl5Y2krwupcaQ.png'),
(133, 'Catherine', 'C.', 'Orpilla', '', 'cath.orpilla@gmail.com', 170, 120, '2004-04-24', 'F', 'Carangglan', '+639334455667', 'active', 'default.png', '133-g8W3j4TzDGPoyEVZSnOuY9Cba7fRs1pM2FLtcedklHirNwAUQ5.png'),
(134, 'Rence Jio Smith', 'D.', 'Bal-ot', '', 'rjsmith.bal-ot@gmail.com', 180, 150, '2004-03-02', 'M', 'Licaong', '+639444666888', 'active', '134-801zC6.jpg', '134-CVhuUbHSMzifIXGABKLqTd3rx2jEspkJ8mtgcQD4yRZonYPWaw.png'),
(135, 'Patricia', 'V.', 'Lim', '', 'patricia.lim96@gmail.com', 163, 119, '2000-08-10', 'M', 'Talavera', '+639222888444', 'inactive', '135-VhO5di.png', '135-RzVqSB6Z3f8M0aImw1yHvJpjC7XnuxhLWbr95gETPFGO4otdND.png'),
(136, 'Miguel', 'D.', 'Soriano', '', 'miguel.soriano87@gmail.com', 178, 170, '2001-01-09', 'M', 'Talavera', '+639899112233', 'active', 'default.png', '136-prci40t9BlMZRzjuve1DCLI65aVGqnbHXgUP3SThA7dOQs2WNF.png'),
(137, 'Clarisse', 'F.', 'Gutierrez', '', 'clarisse.gf@gmail.com', 159, 117, '2001-01-01', 'M', 'Sto. Domingo', '+639121121121', 'active', 'default.png', '137-lH5t7DhzuxPYRoSjUiaLvgkXf8VA9wMp26srEF3G1ZCnmq4yJT.png'),
(138, 'Andrei', 'K.', 'Lopez', '', 'andrei.lopez92@gmail.com', 181, 174, '2006-06-06', 'M', 'Magtanggol', '+639123999888', 'inactive', 'default.png', '138-vfop9Q81ZVnK0ASrFg7lcCe2GNYJLOwxauh6IzUWHiB35kdEyb.png'),
(139, 'Joshua', 'E.', 'Bautista', '', 'joshua.bautista90@gmail.com', 179, 162, '2003-02-25', 'M', 'Bantug', '+639188877766', 'active', '139-X7CypJ.png', '139-nLwHSj8zTev4IWklFtfyYCV23OE760qGR5doxasiBmPhDQgUNJ.png'),
(140, 'Francis', 'O.', 'Castillo', '', 'francis.castillo86@gmail.com', 182, 187, '2001-07-07', 'M', 'Bukang Liwayway', '+639900122334', 'active', 'default.png', '140-IGbxOAK3SLCy1r7MuZshnzqQRoU2e5PXNH0Dt4gEf9TakB6mv8.png'),
(141, 'Bea', 'Q.', 'Valdez', '', 'bea.valdez94@gmail.com', 161, 117, '2000-12-24', 'F', 'Bagong Sikat', '+639433344555', 'active', 'default.png', '141-lCMoJISjW6w27FGt0hDBNc8di9qOVzraHefuEs5xRQT1bZ4mgX.png'),
(143, 'Louise', 'W.', 'Ortega', '', 'louise.ortega96@gmail.com', 166, 130, '2003-11-08', 'F', 'Villa Javier', '+639600700800', 'active', 'default.png', '143-vSOPMnHswYgAx0ujlzQm5eUDRWi2drN4E3q6tZocfITKXCLFJ9.png'),
(144, 'Nathaniel', 'Y.', 'Cruz', '', 'nathaniel.cruz92@gmail.com', 179, 169, '2004-01-30', 'M', 'Bagong Sikat', 'nathaniel.cruz92@gmail.com', 'active', 'default.png', '144-A1UXmq0uD8MVxH9B7tJOzgkLoIlChSEKfvjaPysNTY64irQ2wZ.png'),
(145, 'Alyssa', 'H.', 'Gomez', '', 'alyssa.gomez97@gmail.com', 164, 122, '2005-07-14', 'F', 'Licaong', 'alyssa.gomez97@gmail.com', 'active', 'default.png', '145-Ou7GFaZhVHp0d9ci5R4TljyAgQEs2JrMxnLzWf1DUoYNIqCwPm.png'),
(146, 'Dominic', 'P.', 'Rivera', '', 'dominic.rivera89@yahoo.com', 173, 160, '2004-03-11', 'M', 'Magtanggol', '+639344455566', 'active', 'default.png', '146-BYRmvSd8xje3fZot5cXLHgMhIz0kKub1iEaJn9sGQDP4WA2NqV.png'),
(147, 'Chloe', 'J.', 'Fernandez', '', 'chloe.fernandez96@gmail.com', 160, 118, '2006-06-06', 'F', 'Bantug', '+639900555444', 'active', 'default.png', '147-Ul2ZrmvVwQpz83tEiAg0qkY6hDSd1ILGXPbascRBCJKjo4ON7H.png'),
(148, 'Adrian', 'V.', 'Morales', '', 'adrian.morales94@gmail.com', 180, 175, '2010-10-10', 'M', 'Bantug', '+639333222555', 'active', 'default.png', '148-pI5kA0ye24RSfnKWuEXDQJhxTmdHajcBg7swqvFtYlV3MLrNGb.png'),
(149, 'Kevin', 'O.', 'Valdez', '', 'kevin.ramirez93@gmail.com', 174, 171, '2001-01-01', 'M', 'Bantug', '+639777555222', 'inactive', 'default.png', '149-6BYvxghF7r5RcfMwyjEIlezant4CDqiKUPV83u9WQ1JGONoLp0.png');

--
-- Indexes for dumped tables
--

--
-- Indexes for table `users_auth`
--
ALTER TABLE `users_auth`
  ADD PRIMARY KEY (`auth_id`);

--
-- Indexes for table `users_log`
--
ALTER TABLE `users_log`
  ADD PRIMARY KEY (`log_id`),
  ADD KEY `fk_users_log_user` (`user_id`);

--
-- Indexes for table `users_membership`
--
ALTER TABLE `users_membership`
  ADD PRIMARY KEY (`mem_id`),
  ADD KEY `fk_users_mem_user` (`user_id`);

--
-- Indexes for table `users_user`
--
ALTER TABLE `users_user`
  ADD PRIMARY KEY (`user_id`);

--
-- AUTO_INCREMENT for dumped tables
--

--
-- AUTO_INCREMENT for table `users_auth`
--
ALTER TABLE `users_auth`
  MODIFY `auth_id` int(11) UNSIGNED NOT NULL AUTO_INCREMENT, AUTO_INCREMENT=60;

--
-- AUTO_INCREMENT for table `users_log`
--
ALTER TABLE `users_log`
  MODIFY `log_id` int(11) UNSIGNED NOT NULL AUTO_INCREMENT, AUTO_INCREMENT=664;

--
-- AUTO_INCREMENT for table `users_membership`
--
ALTER TABLE `users_membership`
  MODIFY `mem_id` int(11) UNSIGNED NOT NULL AUTO_INCREMENT, AUTO_INCREMENT=91;

--
-- AUTO_INCREMENT for table `users_user`
--
ALTER TABLE `users_user`
  MODIFY `user_id` int(11) UNSIGNED NOT NULL AUTO_INCREMENT, AUTO_INCREMENT=150;

--
-- Constraints for dumped tables
--

--
-- Constraints for table `users_log`
--
ALTER TABLE `users_log`
  ADD CONSTRAINT `fk_users_log_user` FOREIGN KEY (`user_id`) REFERENCES `users_user` (`user_id`) ON DELETE CASCADE ON UPDATE CASCADE;

--
-- Constraints for table `users_membership`
--
ALTER TABLE `users_membership`
  ADD CONSTRAINT `fk_users_mem_user` FOREIGN KEY (`user_id`) REFERENCES `users_user` (`user_id`) ON DELETE CASCADE ON UPDATE NO ACTION;
COMMIT;

/*!40101 SET CHARACTER_SET_CLIENT=@OLD_CHARACTER_SET_CLIENT */;
/*!40101 SET CHARACTER_SET_RESULTS=@OLD_CHARACTER_SET_RESULTS */;
/*!40101 SET COLLATION_CONNECTION=@OLD_COLLATION_CONNECTION */;
